{"depth":0.699999988079071,"dt":9.999999747378752e-05,"dx":0.0139999995008111,"dy":0.0139999995008111,"experiment_name":"","hsml":0.01679999940097332,"particles_boundary":0,"particles_fluid":0,"particles_per_d":50,"particles_total":0,"save_step":500,"simulation_time":2.0,"skf":1,"wave_length":2.0,"x_mingeom":0.0,"x_size":11.0,"y_mingeom":0.0,"y_size":4.0}